name,location,point
Água Branca,"Água Branca, Microrregião do Médio Parnaíba Piauiense, Mesorregião Centro-Norte Piauiense, Piauí, Região Nordeste, 64460-000, Brasil","(-5.8913922, -42.6361148, 0.0)"
Aguiar,"Aguiar, Quintiães e Aguiar, Barcelos, Braga, Cávado, Norte, Portugal","(41.62449685, -8.655787850142348, 0.0)"
Alagoa Grande,"Alagoa Grande, Região Geográfica Imediata de Campina Grande, Região Geográfica Intermediária de Campina Grande, Paraíba, Região Nordeste, 58388000, Brasil","(-7.0415212, -35.6285322, 0.0)"
Alagoa Nova,"Alagoa Nova, Região Geográfica Imediata de Campina Grande, Região Metropolitana de Esperança, Região Geográfica Intermediária de Campina Grande, Paraíba, Região Nordeste, Brasil","(-7.0653703, -35.76695977336711, 0.0)"
Alagoinha,"Alagoinha, Região Geográfica Imediata de Belo Jardim-Pesqueira, Região Geográfica Intermediária de Caruaru, Pernambuco, Região Nordeste, 55260-000, Brasil","(-8.50355635, -36.77701174370496, 0.0)"
Alcantil,"Alcantil, Região Geográfica Imediata de Campina Grande, Região Metropolitana de Campina Grande, Região Geográfica Intermediária de Campina Grande, Paraíba, Região Nordeste, Brasil","(-7.7425491, -36.0609604, 0.0)"
Algodão de Jandaíra,"Algodão de Jandaíra, Região Geográfica Imediata de Campina Grande, Região Metropolitana de Esperança, Região Geográfica Intermediária de Campina Grande, Paraíba, Região Nordeste, Brasil","(-6.9040175, -36.0089879, 0.0)"
Alhandra,"Alhandra, Região Geográfica Imediata de João Pessoa, Região Metropolitana de João Pessoa, Região Geográfica Intermediária de João Pessoa, Paraíba, Região Nordeste, 58320-000, Brasil","(-7.4304246, -34.9106103, 0.0)"
Amparo,"Amparo, Região Imediata de Amparo, Região Intermediária de Campinas, São Paulo, Região Sudeste, Brasil","(-22.70111, -46.76444, 0.0)"
Aparecida,"Aparecida, Região Imediata de Guaratinguetá, Região Metropolitana do Vale do Paraíba e Litoral Norte, Região Intermediária de São José dos Campos, São Paulo, Região Sudeste, Brasil","(-22.851552, -45.2340924, 0.0)"
Araçagi,"Araçagi, Região Geográfica Imediata de Guarabira, Região Metropolitana de Guarabira, Região Geográfica Intermediária de João Pessoa, Paraíba, Região Nordeste, Brasil","(-6.8519969, -35.3835602, 0.0)"
Arara,"Arara, Região Geográfica Imediata de Guarabira, Região Geográfica Intermediária de João Pessoa, Paraíba, Região Nordeste, Brasil","(-6.8271895, -35.7605703, 0.0)"
Araruna,"Araruna, Microrregião Campo Mourão, Mesorregião Centro Ocidental Paranaense, Paraná, Região Sul, Brasil","(-23.9320308, -52.4976047, 0.0)"
Areia,"Areia, Região Geográfica Imediata de Campina Grande, Região Metropolitana de Esperança, Região Geográfica Intermediária de Campina Grande, Paraíba, Região Nordeste, Brasil","(-6.9680243, -35.6994783, 0.0)"
Areia de Baraúnas,"Areia de Baraúnas, Região Geográfica Imediata de Patos, Região Metropolitana de Patos, Região Geográfica Intermediária de Patos, Paraíba, Região Nordeste, Brasil","(-7.1233949, -36.9446216, 0.0)"
Areial,"Areial, Região Geográfica Imediata de Campina Grande, Região Metropolitana de Esperança, Região Geográfica Intermediária de Campina Grande, Paraíba, Região Nordeste, Brasil","(-7.0501306, -35.9245244, 0.0)"
Aroeiras,"Aroeiras, Região Geográfica Imediata de Campina Grande, Região Metropolitana de Campina Grande, Região Geográfica Intermediária de Campina Grande, Paraíba, Região Nordeste, Brasil","(-7.5462904, -35.7080002, 0.0)"
Assunção,"Asunción, Distrito Capital de Paraguay, Región Oriental, 1226, Paraguay","(-25.2800459, -57.6343814, 0.0)"
Baía da Traição,"Baía da Traição, Região Geográfica Imediata de Mamanguape-Rio Tinto, Região Metropolitana do Vale do Mamanguape, Região Geográfica Intermediária de João Pessoa, Paraíba, Região Nordeste, Brasil","(-6.691258, -34.9371244, 0.0)"
Bananeiras,"Bananeiras, Região Geográfica Imediata de Guarabira, Região Geográfica Intermediária de João Pessoa, Paraíba, Região Nordeste, Brasil","(-6.7537682, -35.6338343, 0.0)"
Baraúna,"Baraúna, Região Geográfica Imediata de Cuité-Nova Floresta, Região Metropolitana de Barra de Santa Rosa, Região Geográfica Intermediária de Campina Grande, Paraíba, Região Nordeste, 58188-000, Brasil","(-6.643394, -36.2531932, 0.0)"
Barra de Santa Rosa,"Barra de Santa Rosa, Região Geográfica Imediata de Cuité-Nova Floresta, Região Metropolitana de Barra de Santa Rosa, Região Geográfica Intermediária de Campina Grande, Paraíba, Região Nordeste, Brasil","(-6.7218007, -36.0564638, 0.0)"
Barra de Santana,"Barra de Santana, Região Geográfica Imediata de Campina Grande, Região Metropolitana de Campina Grande, Região Geográfica Intermediária de Campina Grande, Paraíba, Região Nordeste, 58458000, Brasil","(-7.5230865, -35.9988518, 0.0)"
Barra de São Miguel,"Barra de São Miguel, Microrregião de Maceió, Mesorregião Leste Alagoano, Alagoas, Região Nordeste, 57180000, Brasil","(-9.8261357, -35.8837777, 0.0)"
Bayeux,"Bayeux, Calvados, Normandie, France métropolitaine, 14400, France","(49.2764624, -0.7024738, 0.0)"
Belém,"بيت لحم, منطقة أ, יהודה ושומרון, Palestinian Territory","(31.7043556, 35.2061876, 0.0)"
Belém do Brejo do Cruz,"Belém do Brejo do Cruz, Região Geográfica Imediata de Catolé do Rocha-São Bento, Região Geográfica Intermediária de Patos, Paraíba, Região Nordeste, 58895000, Brasil","(-6.1880727, -37.5332267, 0.0)"
Bernardino Batista,"Bernardino Batista, Região Geográfica Imediata de Sousa, Região Metropolitana de Cajazeiras, Região Geográfica Intermediária de Sousa-Cajazeiras, Paraíba, Região Nordeste, Brasil","(-6.4532173, -38.5495418, 0.0)"
Boa Ventura,"Boa Ventura, Região Geográfica Imediata de Itaporanga, Região Metropolitana do Vale do Piancó, Região Geográfica Intermediária de Patos, Paraíba, Região Nordeste, Brasil","(-7.4202462, -38.2156782, 0.0)"
Boa Vista,"Boa Vista, Microrregião de Boa Vista, Mesorregião Norte de Roraima, Roraima, Região Norte, Brasil","(2.8208478, -60.6719582, 0.0)"
Bom Jesus,"Bom Jesus, Região Geográfica Imediata de Vacaria, Região Geográfica Intermediária de Caxias do Sul, Rio Grande do Sul, Região Sul, Brasil","(-28.6692723, -50.4346894, 0.0)"
Bom Sucesso,"Bom Sucesso, Microrregião Oliveira, Mesorregião Oeste de Minas, Minas Gerais, Região Sudeste, 37220000, Brasil","(-21.0323516, -44.7598082, 0.0)"
Bonito de Santa Fé,"Bonito de Santa Fé, Região Geográfica Imediata de Cajazeiras, Região Metropolitana de Cajazeiras, Região Geográfica Intermediária de Sousa-Cajazeiras, Paraíba, Região Nordeste, Brasil","(-7.3143332, -38.5146677, 0.0)"
Boqueirão,"Boqueirão, Região Geográfica Imediata de Campina Grande, Região Metropolitana de Campina Grande, Região Geográfica Intermediária de Campina Grande, Paraíba, Região Nordeste, Brasil","(-7.487004, -36.130887, 0.0)"
Borborema,"Borborema, Região Geográfica Imediata de Guarabira, Região Metropolitana de Guarabira, Região Geográfica Intermediária de João Pessoa, Paraíba, Região Nordeste, Brasil","(-6.8066718, -35.5990191, 0.0)"
Brejo do Cruz,"Brejo do Cruz, Região Geográfica Imediata de Catolé do Rocha-São Bento, Região Geográfica Intermediária de Patos, Paraíba, Região Nordeste, Brasil","(-6.32926065, -37.48746163303929, 0.0)"
Brejo dos Santos,"Brejo dos Santos, Região Geográfica Imediata de Catolé do Rocha-São Bento, Região Geográfica Intermediária de Patos, Paraíba, Região Nordeste, Brasil","(-6.3769367, -37.8243125, 0.0)"
Caaporã,"Caaporã, Região Geográfica Imediata de João Pessoa, Região Metropolitana de João Pessoa, Região Geográfica Intermediária de João Pessoa, Paraíba, Região Nordeste, 58326000, Brasil","(-7.510234, -34.9154114, 0.0)"
Cabaceiras,"Cabaceiras, Região Geográfica Imediata de Campina Grande, Região Geográfica Intermediária de Campina Grande, Paraíba, Região Nordeste, Brasil","(-7.4899156, -36.2860501, 0.0)"
Cabedelo,"Cabedelo, Região Geográfica Imediata de João Pessoa, Região Metropolitana de João Pessoa, Região Geográfica Intermediária de João Pessoa, Paraíba, Região Nordeste, Brasil","(-6.97324, -34.8351609, 0.0)"
Cachoeira dos Índios,"Cachoeira dos Índios, Região Geográfica Imediata de Cajazeiras, Região Metropolitana de Cajazeiras, Região Geográfica Intermediária de Sousa-Cajazeiras, Paraíba, Região Nordeste, Brasil","(-6.9259193, -38.6742159, 0.0)"
Cacimba de Areia,"Cacimba de Areia, Região Geográfica Imediata de Patos, Região Metropolitana de Patos, Região Geográfica Intermediária de Patos, Paraíba, Região Nordeste, Brasil","(-7.1288513, -37.1575194, 0.0)"
Cacimba de Dentro,"Cacimba de Dentro, Região Geográfica Imediata de Guarabira, Região Metropolitana de Araruna, Região Geográfica Intermediária de João Pessoa, Paraíba, Região Nordeste, 58230-000, Brasil","(-6.6425101, -35.7929304, 0.0)"
Cacimbas,"Cacimbas, Região Geográfica Imediata de Patos, Região Metropolitana de Patos, Região Geográfica Intermediária de Patos, Paraíba, Região Nordeste, 58698000, Brasil","(-7.2125451, -37.0593398, 0.0)"
Caiçara,"Caiçara, Região Geográfica Imediata de Frederico Westphalen, Região Geográfica Intermediária de Passo Fundo, Rio Grande do Sul, Região Sul, Brasil","(-27.2750478, -53.4310053, 0.0)"
Cajazeiras,"Cajazeiras, Região Geográfica Imediata de Cajazeiras, Região Metropolitana de Cajazeiras, Região Geográfica Intermediária de Sousa-Cajazeiras, Paraíba, Região Nordeste, Brasil","(-6.8897849, -38.5570389, 0.0)"
Cajazeirinhas,"Cajazeirinhas, Região Geográfica Imediata de Pombal, Região Geográfica Intermediária de Patos, Paraíba, Região Nordeste, Brasil","(-6.961442, -37.7993733, 0.0)"
Caldas Brandão,"Caldas Brandão, Região Geográfica Imediata de João Pessoa, Região Metropolitana de Itabaiana, Região Geográfica Intermediária de João Pessoa, Paraíba, Região Nordeste, Brasil","(-7.1027959, -35.3254676, 0.0)"
Camalaú,"Camalaú, Região Geográfica Imediata de Monteiro, Região Geográfica Intermediária de Campina Grande, Paraíba, Região Nordeste, Brasil","(-7.885031, -36.824191, 0.0)"
Campina Grande	,"Campina Grande, Região Geográfica Imediata de Campina Grande, Região Metropolitana de Campina Grande, Região Geográfica Intermediária de Campina Grande, Paraíba, Região Nordeste, Brasil","(-7.2246743, -35.8771292, 0.0)"
Capim,"Capim, Região Geográfica Imediata de Mamanguape-Rio Tinto, Região Geográfica Intermediária de João Pessoa, Paraíba, Região Nordeste, Brasil","(-6.9174091, -35.1720326, 0.0)"
Caraúbas,"Caraúbas, Região Geográfica Imediata de Campina Grande, Região Geográfica Intermediária de Campina Grande, Paraíba, Região Nordeste, Brasil","(-7.7273231, -36.4923357, 0.0)"
Carrapateira,"Carrapateira, Região Geográfica Imediata de Cajazeiras, Região Metropolitana de Cajazeiras, Região Geográfica Intermediária de Sousa-Cajazeiras, Paraíba, Região Nordeste, Brasil","(-7.0395225, -38.3432281, 0.0)"
Casserengue,"Casserengue, Região Geográfica Imediata de Guarabira, Região Geográfica Intermediária de João Pessoa, Paraíba, Região Nordeste, Brasil","(-6.779538, -35.817875, 0.0)"
Catingueira,"Catingueira, Região Geográfica Imediata de Patos, Região Metropolitana de Patos, Região Geográfica Intermediária de Patos, Paraíba, Região Nordeste, Brasil","(-7.120081, -37.60638, 0.0)"
Catolé do Rocha,"Catolé do Rocha, Região Geográfica Imediata de Catolé do Rocha-São Bento, Região Geográfica Intermediária de Patos, Paraíba, Região Nordeste, Brasil","(-6.340625, -37.746967, 0.0)"
Caturité,"Caturité, Região Geográfica Imediata de Campina Grande, Região Metropolitana de Campina Grande, Região Geográfica Intermediária de Campina Grande, Paraíba, Região Nordeste, Brasil","(-7.4199652, -36.0207132, 0.0)"
Conceição,"Conceição, Região Geográfica Imediata de Itaporanga, Região Metropolitana do Vale do Piancó, Região Geográfica Intermediária de Patos, Paraíba, Região Nordeste, Brasil","(-7.5565059, -38.5053706, 0.0)"
Condado,"El Condado, Pichincha, 170134, Ecuador","(-0.1032661, -78.5045937, 0.0)"
Conde,"Conde, Microrregião de Entre Rios, Mesorregião do Nordeste Baiano, Bahia, Região Nordeste, 48300-000, Brasil","(-11.8129758, -37.6138705, 0.0)"
Congo,Congo,"(-0.7264327, 15.6419155, 0.0)"
Coremas,"Coremas, Região Metropolitana do Vale do Piancó, Região Geográfica Intermediária de Patos, Paraíba, Região Nordeste, Brasil","(-7.0175897, -37.9465062, 0.0)"
Coxixola,"Coxixola, Região Geográfica Imediata de Sumé, Região Geográfica Intermediária de Campina Grande, Paraíba, Região Nordeste, Brasil","(-7.6272915, -36.606013, 0.0)"
Cruz do Espírito Santo,"Cruz do Espírito Santo, Região Geográfica Imediata de João Pessoa, Região Metropolitana de João Pessoa, Região Geográfica Intermediária de João Pessoa, Paraíba, Região Nordeste, Brasil","(-7.139022, -35.085721, 0.0)"
Cubati,"Cubati, Região Geográfica Imediata de Campina Grande, Região Geográfica Intermediária de Campina Grande, Paraíba, Região Nordeste, Brasil","(-6.8647974, -36.3525993, 0.0)"
Cuité,"Cuité, Região Geográfica Imediata de Cuité-Nova Floresta, Região Metropolitana de Barra de Santa Rosa, Região Geográfica Intermediária de Campina Grande, Paraíba, Região Nordeste, Brasil","(-6.4855072, -36.1478606, 0.0)"
Cuité de Mamanguape,"Cuité de Mamanguape, Região Geográfica Imediata de João Pessoa, Região Geográfica Intermediária de João Pessoa, Paraíba, Região Nordeste, Brasil","(-6.912922, -35.250219, 0.0)"
Cuitegi,"Cuitegi, Região Geográfica Imediata de Guarabira, Região Metropolitana de Guarabira, Região Geográfica Intermediária de João Pessoa, Paraíba, Região Nordeste, Brasil","(-6.8962776, -35.5228851, 0.0)"
Curral de Cima,"Curral de Cima, Região Geográfica Imediata de Mamanguape-Rio Tinto, Região Metropolitana do Vale do Mamanguape, Região Geográfica Intermediária de João Pessoa, Paraíba, Região Nordeste, Brasil","(-6.7174163, -35.266704, 0.0)"
Curral Velho,"Curral Velho, Região Geográfica Imediata de Itaporanga, Região Metropolitana do Vale do Piancó, Região Geográfica Intermediária de Patos, Paraíba, Região Nordeste, Brasil","(-7.5376473, -38.1979125, 0.0)"
Damião,"Damião, Região Geográfica Imediata de Cuité-Nova Floresta, Região Metropolitana de Araruna, Região Geográfica Intermediária de Campina Grande, Paraíba, Região Nordeste, Brasil","(-6.64317595, -35.933835193092264, 0.0)"
Desterro,"Desterro, Região Geográfica Imediata de Patos, Região Metropolitana de Patos, Região Geográfica Intermediária de Patos, Paraíba, Região Nordeste, Brasil","(-7.2889695, -37.0880761, 0.0)"
Diamante,"Diamante, Cosenza, Calabria, 87023, Italia","(39.6777304, 15.8211279, 0.0)"
Dona Inês,"Dona Inês, Região Geográfica Imediata de Guarabira, Região Metropolitana de Araruna, Região Geográfica Intermediária de João Pessoa, Paraíba, Região Nordeste, Brasil","(-6.6032239, -35.627146, 0.0)"
Duas Estradas,"Duas Estradas, Região Geográfica Imediata de Guarabira, Região Metropolitana de Guarabira, Região Geográfica Intermediária de João Pessoa, Paraíba, Região Nordeste, Brasil","(-6.6883382, -35.4175255, 0.0)"
Emas,"Emas, Região Geográfica Imediata de Patos, Região Metropolitana de Patos, Região Geográfica Intermediária de Patos, Paraíba, Região Nordeste, Brasil","(-7.1071447, -37.7155578, 0.0)"
Esperança,"Esperança, Região Geográfica Imediata de Campina Grande, Região Metropolitana de Esperança, Região Geográfica Intermediária de Campina Grande, Paraíba, Região Nordeste, Brasil","(-7.018517, -35.852193, 0.0)"
Fagundes,"Fagundes, Região Geográfica Imediata de Campina Grande, Região Metropolitana de Campina Grande, Região Geográfica Intermediária de Campina Grande, Paraíba, Região Nordeste, 58487000, Brasil","(-7.3577473, -35.7839735, 0.0)"
Frei Martinho,"Frei Martinho, Região Geográfica Imediata de Cuité-Nova Floresta, Região Metropolitana de Barra de Santa Rosa, Região Geográfica Intermediária de Campina Grande, Paraíba, Região Nordeste, Brasil","(-6.4033643, -36.4535139, 0.0)"
Gado Bravo,"Gado Bravo, Região Geográfica Imediata de Campina Grande, Região Metropolitana de Campina Grande, Região Geográfica Intermediária de Campina Grande, Paraíba, Região Nordeste, Brasil","(-7.5830516, -35.7914371, 0.0)"
Guarabira,"Guarabira, Região Geográfica Imediata de Guarabira, Região Metropolitana de Guarabira, Região Geográfica Intermediária de João Pessoa, Paraíba, Região Nordeste, Brasil","(-6.8513982, -35.4915582, 0.0)"
Gurinhém,"Gurinhém, Região Geográfica Imediata de João Pessoa, Região Metropolitana de Itabaiana, Região Geográfica Intermediária de João Pessoa, Paraíba, Região Nordeste, Brasil","(-7.1244757, -35.424854, 0.0)"
Gurjão,"Gurjão, Região Geográfica Imediata de Campina Grande, Região Geográfica Intermediária de Campina Grande, Paraíba, Região Nordeste, Brasil","(-7.2470565, -36.4862714, 0.0)"
Ibiara,"Ibiara, Região Geográfica Imediata de Itaporanga, Região Metropolitana do Vale do Piancó, Região Geográfica Intermediária de Patos, Paraíba, Região Nordeste, Brasil","(-7.4997862, -38.4034987, 0.0)"
Igaracy,"Igaracy, Região Geográfica Imediata de Itaporanga, Região Metropolitana do Vale do Piancó, Região Geográfica Intermediária de Patos, Paraíba, Região Nordeste, Brasil","(-7.1819802, -38.1487395, 0.0)"
Imaculada,"Imaculada, Região Geográfica Imediata de Patos, Região Geográfica Intermediária de Patos, Paraíba, Região Nordeste, Brasil","(-7.3871724, -37.5116814, 0.0)"
Ingá,"Ingá, Região Geográfica Imediata de Campina Grande, Região Metropolitana de Itabaiana, Região Geográfica Intermediária de Campina Grande, Paraíba, Região Nordeste, Brasil","(-7.2904513, -35.6109945, 0.0)"
Itabaiana,"Itabaiana, Região Geográfica Imediata de Itabaiana, Região Metropolitana de Itabaiana, Região Geográfica Intermediária de João Pessoa, Paraíba, Região Nordeste, 58360-000, Brasil","(-7.331674, -35.331723, 0.0)"
Itaporanga,"Itaporanga, Região Geográfica Imediata de Itaporanga, Região Metropolitana do Vale do Piancó, Região Geográfica Intermediária de Patos, Paraíba, Região Nordeste, Brasil","(-7.3040747, -38.1505782, 0.0)"
Itapororoca,"Itapororoca, Região Geográfica Imediata de Mamanguape-Rio Tinto, Região Geográfica Intermediária de João Pessoa, Paraíba, Região Nordeste, Brasil","(-6.8283007, -35.244782, 0.0)"
Itatuba,"Itatuba, Região Geográfica Imediata de Campina Grande, Região Metropolitana de Campina Grande, Região Geográfica Intermediária de Campina Grande, Paraíba, Região Nordeste, Brasil","(-7.3758509, -35.626495, 0.0)"
Jacaraú,"Jacaraú, Região Geográfica Imediata de Mamanguape-Rio Tinto, Região Metropolitana do Vale do Mamanguape, Região Geográfica Intermediária de João Pessoa, Paraíba, Região Nordeste, 58278-000, Brasil","(-6.6123046, -35.2919016, 0.0)"
Jericó,"أريحا, منطقة أ, יהודה ושומרון, Palestinian Territory","(31.855987, 35.4598851, 0.0)"
João Pessoa,"João Pessoa, Região Geográfica Imediata de João Pessoa, Região Metropolitana de João Pessoa, Região Geográfica Intermediária de João Pessoa, Paraíba, Região Nordeste, Brasil","(-7.1215981, -34.882028, 0.0)"
Joca Claudino,"Joca Claudino, Região Geográfica Imediata de Sousa, Região Metropolitana de Cajazeiras, Região Geográfica Intermediária de Sousa-Cajazeiras, Paraíba, Região Nordeste, Brasil","(-6.4832147, -38.478874, 0.0)"
Juarez Távora,"Juarez Távora, Região Geográfica Imediata de João Pessoa, Região Metropolitana de Itabaiana, Região Geográfica Intermediária de João Pessoa, Paraíba, Região Nordeste, Brasil","(-7.1726926, -35.590804, 0.0)"
Juazeirinho,"Juazeirinho, Região Geográfica Imediata de Campina Grande, Região Geográfica Intermediária de Campina Grande, Paraíba, Região Nordeste, Brasil","(-7.0688282, -36.5803059, 0.0)"
Junco do Seridó,"Junco do Seridó, Região Geográfica Imediata de Campina Grande, Região Metropolitana de Patos, Região Geográfica Intermediária de Campina Grande, Paraíba, Região Nordeste, Brasil","(-6.9922083, -36.7143267, 0.0)"
Juripiranga,"Juripiranga, Região Geográfica Imediata de João Pessoa, Região Metropolitana de Itabaiana, Região Geográfica Intermediária de João Pessoa, Paraíba, Região Nordeste, Brasil","(-7.3743307, -35.2396, 0.0)"
Juru,"Juru, Região Geográfica Imediata de Princesa Isabel, Região Geográfica Intermediária de Patos, Paraíba, Região Nordeste, Brasil","(-7.5375089, -37.8192275, 0.0)"
Lagoa,"Lagoa, Faro, Algarve, Portugal","(37.13258125, -8.45505094811731, 0.0)"
Lagoa de Dentro,"Lagoa de Dentro, Avenida das Rendeiras, Caminho a Joaquina, Avenida das Rendeiras, Lagoa da Conceição, Santa Catarina, Região Sul, 88062-970, Brasil","(-27.6162294, -48.47374618266319, 0.0)"
Lagoa Seca,"Lagoa Seca, Região Geográfica Imediata de Campina Grande, Região Metropolitana de Campina Grande, Região Geográfica Intermediária de Campina Grande, Paraíba, Região Nordeste, Brasil","(-7.157099, -35.8542023, 0.0)"
Lastro,"Lastro, Região Geográfica Imediata de Sousa, Região Metropolitana de Sousa, Região Geográfica Intermediária de Sousa-Cajazeiras, Paraíba, Região Nordeste, Brasil","(-6.5168423, -38.1786407, 0.0)"
Livramento,"Livramento de Nossa Senhora, Microrregião de Livramento do Brumado, Mesorregião do Centro-Sul Baiano, Bahia, Região Nordeste, Brasil","(-13.6505468, -41.8412103, 0.0)"
Logradouro,"Logradouro, Região Geográfica Imediata de Guarabira, Região Metropolitana de Guarabira, Região Geográfica Intermediária de João Pessoa, Paraíba, Região Nordeste, 58254000, Brasil","(-6.6147883, -35.4431686, 0.0)"
Lucena,"Lucena, Córdoba, Andalucía, 14900, España","(37.4091334, -4.4860128, 0.0)"
Mãe DÁgua,"Mãe d'Água, Região Geográfica Imediata de Patos, Região Metropolitana de Patos, Região Geográfica Intermediária de Patos, Paraíba, Região Nordeste, Brasil","(-7.2582944, -37.4269768, 0.0)"
Malta,Malta,"(35.8885993, 14.4476911, 0.0)"
Mamanguape,"Mamanguape, Região Geográfica Imediata de Mamanguape-Rio Tinto, Região Metropolitana do Vale do Mamanguape, Região Geográfica Intermediária de João Pessoa, Paraíba, Região Nordeste, Brasil","(-6.833698, -35.121316, 0.0)"
Manaíra,"Manaíra, Região Geográfica Imediata de Princesa Isabel, Região Geográfica Intermediária de Patos, Paraíba, Região Nordeste, Brasil","(-7.7060905, -38.1531251, 0.0)"
Marcação,"Marcação, Região Geográfica Imediata de Mamanguape-Rio Tinto, Região Metropolitana do Vale do Mamanguape, Região Geográfica Intermediária de João Pessoa, Paraíba, Região Nordeste, Brasil","(-6.7704107, -35.0121479, 0.0)"
Mari,Mali,"(16.3700359, -2.2900239, 0.0)"
Marizópolis,"Marizópolis, Região Geográfica Imediata de Sousa, Região Metropolitana de Sousa, Região Geográfica Intermediária de Sousa-Cajazeiras, Paraíba, Região Nordeste, Brasil","(-6.8440704, -38.3473088, 0.0)"
Massaranduba,"Massaranduba, Microrregião de Joinville, Mesorregião do Norte Catarinense, Santa Catarina, Região Sul, Brasil","(-26.610868, -49.005351, 0.0)"
Mataraca,"Mataraca, Região Geográfica Imediata de Mamanguape-Rio Tinto, Região Metropolitana do Vale do Mamanguape, Região Geográfica Intermediária de João Pessoa, Paraíba, Região Nordeste, Brasil","(-6.59673, -35.05308, 0.0)"
Matinhas,"Matinhas, Região Geográfica Imediata de Campina Grande, Região Metropolitana de Campina Grande, Região Geográfica Intermediária de Campina Grande, Paraíba, Região Nordeste, Brasil","(-7.1219554, -35.7713426, 0.0)"
Mato Grosso,"Mato Grosso, Região Centro-Oeste, Brasil","(-12.2115009, -55.5716547, 0.0)"
Matureia,"Matureia, Região Geográfica Imediata de Patos, Região Metropolitana de Patos, Região Geográfica Intermediária de Patos, Paraíba, Região Nordeste, Brasil","(-7.264629, -37.3383363, 0.0)"
Mogeiro,"Mogeiro, Região Geográfica Imediata de Itabaiana, Região Metropolitana de Itabaiana, Região Geográfica Intermediária de João Pessoa, Paraíba, Região Nordeste, Brasil","(-7.3019003, -35.4782749, 0.0)"
Montadas,"Montadas, Região Geográfica Imediata de Campina Grande, Região Metropolitana de Esperança, Região Geográfica Intermediária de Campina Grande, Paraíba, Região Nordeste, Brasil","(-7.088656, -35.9577367, 0.0)"
Monte Horebe,"Monte Horebe, Região Geográfica Imediata de Cajazeiras, Região Metropolitana de Cajazeiras, Região Geográfica Intermediária de Sousa-Cajazeiras, Paraíba, Região Nordeste, Brasil","(-7.214284, -38.5857578, 0.0)"
Monteiro,"Monteiro, Região Geográfica Imediata de Monteiro, Região Geográfica Intermediária de Campina Grande, Paraíba, Região Nordeste, 58500-000, Brasil","(-7.8920179, -37.1232051, 0.0)"
Mulungu,"Mulungu, Região Geográfica Imediata de Guarabira, Região Metropolitana de Guarabira, Região Geográfica Intermediária de João Pessoa, Paraíba, Região Nordeste, Brasil","(-7.0309389, -35.4646079, 0.0)"
Natuba,"Natuba, Região Geográfica Imediata de Itabaiana, Região Metropolitana de Campina Grande, Região Geográfica Intermediária de João Pessoa, Paraíba, Região Nordeste, Brasil","(-7.6410756, -35.5542731, 0.0)"
Nazarezinho,"Nazarezinho, Região Geográfica Imediata de Sousa, Região Metropolitana de Sousa, Região Geográfica Intermediária de Sousa-Cajazeiras, Paraíba, Região Nordeste, Brasil","(-6.9156749, -38.3251082, 0.0)"
Nova Floresta,"Nova Floresta, Região Geográfica Imediata de Cuité-Nova Floresta, Região Metropolitana de Barra de Santa Rosa, Região Geográfica Intermediária de Campina Grande, Paraíba, Região Nordeste, 58178-000, Brasil","(-6.4554313, -36.2040005, 0.0)"
Nova Olinda,"Nova Olinda, Microrregião de Cariri, Mesorregião do Sul Cearense, Ceará, Região Nordeste, Brasil","(-7.0934174, -39.6789815, 0.0)"
Nova Palmeira,"Nova Palmeira, Região Geográfica Imediata de Cuité-Nova Floresta, Região Metropolitana de Barra de Santa Rosa, Região Geográfica Intermediária de Campina Grande, Paraíba, Região Nordeste, Brasil","(-6.6795042, -36.4187275, 0.0)"
Olho DÁgua,"Olho d'Água, Região Geográfica Imediata de Patos, Região Metropolitana do Vale do Piancó, Região Geográfica Intermediária de Patos, Paraíba, Região Nordeste, Brasil","(-7.2289861, -37.7490068, 0.0)"
Olivedos,"Olivedos, Região Geográfica Imediata de Campina Grande, Região Geográfica Intermediária de Campina Grande, Paraíba, Região Nordeste, Brasil","(-6.991036, -36.2437286, 0.0)"
Ouro Velho,"Ouro Velho, Região Geográfica Imediata de Monteiro, Região Geográfica Intermediária de Campina Grande, Paraíba, Região Nordeste, Brasil","(-7.6209094, -37.1510175, 0.0)"
Parari,"Parari, Região Geográfica Imediata de Sumé, Região Geográfica Intermediária de Campina Grande, Paraíba, Região Nordeste, Brasil","(-7.3182642, -36.6556211, 0.0)"
Passagem,"Passagem, Região Geográfica Imediata de Patos, Região Metropolitana de Patos, Região Geográfica Intermediária de Patos, Paraíba, Região Nordeste, Brasil","(-7.1364483, -37.0474285, 0.0)"
Patos,"Patos, Região Geográfica Imediata de Patos, Região Metropolitana de Patos, Região Geográfica Intermediária de Patos, Paraíba, Região Nordeste, Brasil","(-7.0258285, -37.2766817, 0.0)"
Paulista,"Paulista, Região Geográgica Imediata do Recife, Região Metropolitana de Recife, Região Geográfica Intermediária do Recife, Pernambuco, Região Nordeste, Brasil","(-7.9340069, -34.868407, 0.0)"
Pedra Branca,"Pedra Branca, Microrregião o Sertão de Senador Pompeu, Mesorregião dos Sertões Cearenses, Ceará, Região Nordeste, Brasil","(-5.4562187, -39.7151909, 0.0)"
Pedra Lavrada,"Pedra Lavrada, Região Geográfica Imediata de Cuité-Nova Floresta, Região Geográfica Intermediária de Campina Grande, Paraíba, Região Nordeste, Brasil","(-6.7562744, -36.4673179, 0.0)"
Pedras de Fogo,"Pedras de Fogo, Região Geográfica Imediata de João Pessoa, Região Metropolitana de João Pessoa, Região Geográfica Intermediária de João Pessoa, Paraíba, Região Nordeste, 58328-000, Brasil","(-7.3988977, -35.112176, 0.0)"
Pedro Régis,"Pedro Régis, Região Geográfica Imediata de Mamanguape-Rio Tinto, Região Metropolitana do Vale do Mamanguape, Região Geográfica Intermediária de João Pessoa, Paraíba, Região Nordeste, Brasil","(-6.6399063, -35.2865202, 0.0)"
Piancó,"Piancó, Região Geográfica Imediata de Itaporanga, Região Metropolitana do Vale do Piancó, Região Geográfica Intermediária de Patos, Paraíba, Região Nordeste, 58765-000, Brasil","(-7.1987413, -37.9255755, 0.0)"
Picuí,"Picuí, Região Geográfica Imediata de Cuité-Nova Floresta, Região Metropolitana de Barra de Santa Rosa, Região Geográfica Intermediária de Campina Grande, Paraíba, Região Nordeste, Brasil","(-6.5106721, -36.3492736, 0.0)"
Pilar,"Pilar, Surigao Del Norte, Caraga, 8420, Philippines","(9.87648585, 126.05589067169424, 0.0)"
Pilões,"Pilões, Região Geográfica Imediata de Guarabira, Região Metropolitana de Guarabira, Região Geográfica Intermediária de João Pessoa, Paraíba, Região Nordeste, Brasil","(-6.868269, -35.612974, 0.0)"
Pilõezinhos,"Pilõezinhos, Região Geográfica Imediata de Guarabira, Região Metropolitana de Guarabira, Região Geográfica Intermediária de João Pessoa, Paraíba, Região Nordeste, Brasil","(-6.8427437, -35.5308348, 0.0)"
Pirpirituba,"Pirpirituba, Região Geográfica Imediata de Guarabira, Região Metropolitana de Guarabira, Região Geográfica Intermediária de João Pessoa, Paraíba, Região Nordeste, 58213-000, Brasil","(-6.7809356, -35.4967135, 0.0)"
Pitimbu,"Pitimbu, Região Geográfica Imediata de João Pessoa, Região Metropolitana de João Pessoa, Região Geográfica Intermediária de João Pessoa, Paraíba, Região Nordeste, Brasil","(-7.4728063, -34.811233, 0.0)"
Pocinhos,"Pocinhos, Região Geográfica Imediata de Campina Grande, Região Metropolitana de Esperança, Região Geográfica Intermediária de Campina Grande, Paraíba, Região Nordeste, Brasil","(-7.076073, -36.0604474, 0.0)"
Poço Dantas,"Poço Dantas, Região Geográfica Imediata de Sousa, Região Metropolitana de Cajazeiras, Região Geográfica Intermediária de Sousa-Cajazeiras, Paraíba, Região Nordeste, Brasil","(-6.4050165, -38.4964786, 0.0)"
Poço de José de Moura,"Poço de José de Moura, Região Geográfica Imediata de Cajazeiras, Região Metropolitana de Cajazeiras, Região Geográfica Intermediária de Sousa-Cajazeiras, Paraíba, Região Nordeste, Brasil","(-6.5744099, -38.5114566, 0.0)"
Pombal,"Pombal, Região Geográfica Imediata de Pombal, Região Geográfica Intermediária de Patos, Paraíba, Região Nordeste, Brasil","(-6.7711315, -37.7988646, 0.0)"
Prata,"Nova Prata, Região Geográfica Imediata de Nova Prata - Guaporé, Região Geográfica Intermediária de Caxias do Sul, Rio Grande do Sul, Região Sul, 95320-000, Brasil","(-28.784398, -51.6105402, 0.0)"
Princesa Isabel,"Princesa Isabel, Região Geográfica Imediata de Princesa Isabel, Região Geográfica Intermediária de Patos, Paraíba, Região Nordeste, 58755000, Brasil","(-7.736898, -37.9921335, 0.0)"
Puxinanã,"Puxinanã, Região Geográfica Imediata de Campina Grande, Região Metropolitana de Campina Grande, Região Geográfica Intermediária de Campina Grande, Paraíba, Região Nordeste, Brasil","(-7.1475216, -35.9613355, 0.0)"
Queimadas,"Queimadas, Mesorregião do Nordeste Baiano, Bahia, Região Nordeste, Brasil","(-10.9807081, -39.6249588, 0.0)"
Quixabá,"Quixaba, Região Geográfica Imediata de Patos, Região Metropolitana de Patos, Região Geográfica Intermediária de Patos, Paraíba, Região Nordeste, Brasil","(-7.0316879, -37.1477921, 0.0)"
Remígio,"Remígio, Região Geográfica Imediata de Campina Grande, Região Metropolitana de Esperança, Região Geográfica Intermediária de Campina Grande, Paraíba, Região Nordeste, 58398000, Brasil","(-6.9686741, -35.7932133, 0.0)"
Riachão,"Riachão, Microrregião Gerais das Balsas, Mesorregião Sul Maranhense, Maranhão, Região Nordeste, Brasil","(-7.3642557, -46.6226095, 0.0)"
Riachão do Bacamarte,"Riachão do Bacamarte, Região Geográfica Imediata de Campina Grande, Região Metropolitana de Itabaiana, Região Geográfica Intermediária de Campina Grande, Paraíba, Região Nordeste, Brasil","(-7.253472, -35.669257, 0.0)"
Riachão do Poço,"Riachão do Poço, Região Geográfica Imediata de João Pessoa, Região Geográfica Intermediária de João Pessoa, Paraíba, Região Nordeste, Brasil","(-7.1474817, -35.264755, 0.0)"
Riacho de Santo Antônio,"Riacho de Santo Antônio, Região Geográfica Imediata de Campina Grande, Região Geográfica Intermediária de Campina Grande, Paraíba, Região Nordeste, Brasil","(-7.6914069, -36.1563143, 0.0)"
Riacho dos Cavalos,"Riacho dos Cavalos, Região Geográfica Imediata de Catolé do Rocha-São Bento, Região Geográfica Intermediária de Patos, Paraíba, Região Nordeste, Brasil","(-6.4355877, -37.6560108, 0.0)"
Rio Tinto,"Rio Tinto, Região Geográfica Imediata de Mamanguape-Rio Tinto, Região Metropolitana de João Pessoa, Região Geográfica Intermediária de João Pessoa, Paraíba, Região Nordeste, 58297-000, Brasil","(-6.803828, -35.077569, 0.0)"
Salgadinho,"Salgadinho, Região Geográfica Imediata de Patos, Região Metropolitana de Patos, Região Geográfica Intermediária de Patos, Paraíba, Região Nordeste, Brasil","(-7.1024779, -36.8446805, 0.0)"
Salgado de São Félix,"Salgado de São Félix, Região Geográfica Imediata de Itabaiana, Região Metropolitana de Itabaiana, Região Geográfica Intermediária de João Pessoa, Paraíba, Região Nordeste, Brasil","(-7.3565372, -35.4381278, 0.0)"
Santa Cecília,"Santa Cecilia, Arlanza, Burgos, Castilla y León, España","(42.0522264, -3.802824, 0.0)"
Santa Cruz,"województwo świętokrzyskie, Polska","(50.7504894, 20.7829122, 0.0)"
Santa Helena,Saint Helena,"(-15.9656162, -5.702147693859718, 0.0)"
Santa Inês,"Santa Inês, Microrregião de Jequié, Mesorregião do Centro-Sul Baiano, Bahia, Região Nordeste, Brasil","(-13.2897697, -39.8179701, 0.0)"
Santa Luzia,Saint Lucia,"(13.8250489, -60.975036, 0.0)"
Santa Rita,"Río Iró, Chocó, Colombia","(5.167328599999999, -76.47529925464973, 0.0)"
Santa Teresinha,"Santa Teresinha, Região Geográfica Imediata de Patos, Região Metropolitana de Patos, Região Geográfica Intermediária de Patos, Paraíba, Região Nordeste, Brasil","(-7.0849073, -37.4433667, 0.0)"
Santana de Mangueira,"Santana de Mangueira, Região Geográfica Imediata de Itaporanga, Região Metropolitana do Vale do Piancó, Região Geográfica Intermediária de Patos, Paraíba, Região Nordeste, Brasil","(-7.5516523, -38.3367458, 0.0)"
Santana dos Garrotes,"Santana dos Garrotes, Região Geográfica Imediata de Itaporanga, Região Metropolitana do Vale do Piancó, Região Geográfica Intermediária de Patos, Paraíba, Região Nordeste, Brasil","(-7.3856858, -37.987565, 0.0)"
Santo André,"Santo André, Região Imediata de São Paulo, Região Metropolitana de São Paulo, Região Intermediária de São Paulo, São Paulo, Região Sudeste, Brasil","(-23.6573395, -46.5322504, 0.0)"
São Bentinho,"São Bentinho, Região Geográfica Imediata de Pombal, Região Geográfica Intermediária de Patos, Paraíba, Região Nordeste, Brasil","(-6.885961, -37.724345, 0.0)"
São Bento,"São Bento, Microrregião da Baixada Maranhense, Mesorregião Norte Maranhense, Maranhão, Região Nordeste, 65235000, Brasil","(-2.6999089, -44.8331254, 0.0)"
São Domingos,"São Domingos, Microrregião de Serrinha, Mesorregião do Nordeste Baiano, Bahia, Região Nordeste, Brasil","(-11.4636112, -39.526527, 0.0)"
São Domingos do Cariri,"São Domingos do Cariri, Região Geográfica Imediata de Campina Grande, Região Geográfica Intermediária de Campina Grande, Paraíba, Região Nordeste, Brasil","(-7.6350228, -36.4317431, 0.0)"
São Francisco,"San Francisco, San Francisco City and County, California, United States of America","(37.7790262, -122.4199061, 0.0)"
São João do Cariri,"São João do Cariri, Região Geográfica Imediata de Campina Grande, Região Geográfica Intermediária de Campina Grande, Paraíba, Região Nordeste, Brasil","(-7.386747, -36.5288956, 0.0)"
São João do Rio do Peixe,"São João do Rio do Peixe, Região Geográfica Imediata de Cajazeiras, Região Metropolitana de Cajazeiras, Região Geográfica Intermediária de Sousa-Cajazeiras, Paraíba, Região Nordeste, Brasil","(-6.7291053, -38.4478745, 0.0)"
São João do Tigre,"São João do Tigre, Região Geográfica Imediata de Monteiro, Região Geográfica Intermediária de Campina Grande, Paraíba, Região Nordeste, Brasil","(-8.078237, -36.849141, 0.0)"
São José da Lagoa Tapada,"São José da Lagoa Tapada, Região Geográfica Imediata de Sousa, Região Metropolitana de Sousa, Região Geográfica Intermediária de Sousa-Cajazeiras, Paraíba, Região Nordeste, Brasil","(-6.9426858, -38.1639988, 0.0)"
São José de Caiana,"São José de Caiana, Região Geográfica Imediata de Itaporanga, Região Metropolitana do Vale do Piancó, Região Geográfica Intermediária de Patos, Paraíba, Região Nordeste, Brasil","(-7.2495911, -38.2999416, 0.0)"
São José de Espinharas,"São José de Espinharas, Região Geográfica Imediata de Patos, Região Metropolitana de Patos, Região Geográfica Intermediária de Patos, Paraíba, Região Nordeste, Brasil","(-6.8465204, -37.3250225, 0.0)"
São José de Piranhas,"São José de Piranhas, Região Geográfica Imediata de Cajazeiras, Região Metropolitana de Cajazeiras, Região Geográfica Intermediária de Sousa-Cajazeiras, Paraíba, Região Nordeste, 58940-000, Brasil","(-7.1198508, -38.4991347, 0.0)"
São José de Princesa,"São José de Princesa, Região Geográfica Imediata de Princesa Isabel, Região Geográfica Intermediária de Patos, Paraíba, Região Nordeste, Brasil","(-7.7412144, -38.0989448, 0.0)"
São José do Bonfim,"São José do Bonfim, Região Geográfica Imediata de Patos, Região Metropolitana de Patos, Região Geográfica Intermediária de Patos, Paraíba, Região Nordeste, Brasil","(-7.1616115, -37.3081198, 0.0)"
São José do Brejo do Cruz,"São José do Brejo do Cruz, Região Geográfica Imediata de Catolé do Rocha-São Bento, Região Geográfica Intermediária de Patos, Paraíba, Região Nordeste, Brasil","(-6.212327, -37.3544536, 0.0)"
São José do Sabugi,"São José do Sabugi, Região Geográfica Imediata de Patos, Região Metropolitana de Patos, Região Geográfica Intermediária de Patos, Paraíba, Região Nordeste, Brasil","(-6.7758264, -36.797916, 0.0)"
São José dos Cordeiros,"São José dos Cordeiros, Região Geográfica Imediata de Sumé, Região Geográfica Intermediária de Campina Grande, Paraíba, Região Nordeste, Brasil","(-7.3917683, -36.8079501, 0.0)"
São José dos Ramos,"São José dos Ramos, Região Geográfica Imediata de Itabaiana, Região Metropolitana de Itabaiana, Região Geográfica Intermediária de João Pessoa, Paraíba, Região Nordeste, Brasil","(-7.2458875, -35.3731185, 0.0)"
São Mamede,"São Mamede, Região Geográfica Imediata de Patos, Região Metropolitana de Patos, Região Geográfica Intermediária de Patos, Paraíba, Região Nordeste, Brasil","(-6.923862, -37.095436, 0.0)"
São Miguel de Taipu,"São Miguel de Taipu, Região Geográfica Imediata de João Pessoa, Região Metropolitana de Itabaiana, Região Geográfica Intermediária de João Pessoa, Paraíba, Região Nordeste, 58334-000, Brasil","(-7.2504094, -35.2094114, 0.0)"
São Sebastião de Lagoa de Roça,"São Sebastião de Lagoa de Roça, Região Geográfica Imediata de Campina Grande, Região Metropolitana de Esperança, Região Geográfica Intermediária de Campina Grande, Paraíba, Região Nordeste, Brasil","(-7.1013986, -35.8644148, 0.0)"
São Sebastião do Umbuzeiro,"São Sebastião do Umbuzeiro, Região Geográfica Imediata de Monteiro, Região Geográfica Intermediária de Campina Grande, Paraíba, Região Nordeste, Brasil","(-8.1522871, -37.0090722, 0.0)"
São Vicente do Seridó,"São Vicente do Seridó, Região Geográfica Imediata de Campina Grande, Região Geográfica Intermediária de Campina Grande, Paraíba, Região Nordeste, Brasil","(-6.933337, -36.400864, 0.0)"
Sapé,"Sapé, Região Geográfica Imediata de João Pessoa, Região Geográfica Intermediária de João Pessoa, Paraíba, Região Nordeste, 58340-000, Brasil","(-7.093591, -35.227975, 0.0)"
Serra Branca,"Serra Branca, Região Geográfica Imediata de Sumé, Região Geográfica Intermediária de Campina Grande, Paraíba, Região Nordeste, Brasil","(-7.4815274, -36.6634581, 0.0)"
Serra da Raiz,"Serra da Raiz, Região Geográfica Imediata de Guarabira, Região Metropolitana de Guarabira, Região Geográfica Intermediária de João Pessoa, Paraíba, Região Nordeste, Brasil","(-6.6874334, -35.4420668, 0.0)"
Serra Grande,"Serra Grande, Região Geográfica Imediata de Cajazeiras, Região Metropolitana do Vale do Piancó, Região Geográfica Intermediária de Sousa-Cajazeiras, Paraíba, Região Nordeste, Brasil","(-7.2146596, -38.3719684, 0.0)"
Serra Redonda,"Serra Redonda, Região Geográfica Imediata de Campina Grande, Região Metropolitana de Campina Grande, Região Geográfica Intermediária de Campina Grande, Paraíba, Região Nordeste, 58385-000, Brasil","(-7.1867108, -35.679795, 0.0)"
Serraria,"Serraria, Região Geográfica Imediata de Guarabira, Região Metropolitana de Guarabira, Região Geográfica Intermediária de João Pessoa, Paraíba, Região Nordeste, Brasil","(-6.8193129, -35.6387473, 0.0)"
Sertãozinho,"Sertãozinho, Região Imediata de Ribeirão Preto, Região Metropolitana de Ribeirão Preto, Região Intermediária de Ribeirão Preto, São Paulo, Região Sudeste, Brasil","(-21.1375782, -47.9913741, 0.0)"
Sobrado,"Sobrado, Terra de Melide, A Coruña, Galicia / Galiza, España","(43.0531271, -7.9902626, 0.0)"
Solânea,"Solânea, Região Geográfica Imediata de Guarabira, Região Geográfica Intermediária de João Pessoa, Paraíba, Região Nordeste, Brasil","(-6.7540351, -35.6621943, 0.0)"
Soledade,"Soledade, Região Geográfica Imediata de Soledade, Região Geográfica Intermediária de Passo Fundo, Rio Grande do Sul, Região Sul, 99300-000, Brasil","(-28.8272467, -52.5109157, 0.0)"
Sossêgo,"Sossêgo, Região Geográfica Imediata de Cuité-Nova Floresta, Região Metropolitana de Barra de Santa Rosa, Região Geográfica Intermediária de Campina Grande, Paraíba, Região Nordeste, Brasil","(-6.767694, -36.2455081, 0.0)"
Sousa,"Sousa, Região Geográfica Imediata de Sousa, Região Metropolitana de Sousa, Região Geográfica Intermediária de Sousa-Cajazeiras, Paraíba, Região Nordeste, Brasil","(-6.7662029, -38.2319607, 0.0)"
Sumé,"Sumé, Região Geográfica Imediata de Monteiro, Região Geográfica Intermediária de Campina Grande, Paraíba, Região Nordeste, Brasil","(-7.6623249, -36.91027081010232, 0.0)"
Tacima,"Tacima, Região Geográfica Imediata de Guarabira, Região Metropolitana de Araruna, Região Geográfica Intermediária de João Pessoa, Paraíba, Região Nordeste, Brasil","(-6.4895383, -35.6364852, 0.0)"
Taperoá,"Taperoá, Microrregião de Valença, Mesorregião do Sul Baiano, Bahia, Região Nordeste, Brasil","(-13.537334, -39.0986475, 0.0)"
Tavares,"Tavares, Região Geográfica Imediata de Porto Alegre, Região Geográfica Intermediária de Porto Alegre, Rio Grande do Sul, Região Sul, 96290-000, Brasil","(-31.287471, -51.0897986, 0.0)"
Teixeira,"Teixeira, Região Geográfica Imediata de Patos, Região Metropolitana de Patos, Região Geográfica Intermediária de Patos, Paraíba, Região Nordeste, Brasil","(-7.221036, -37.252477, 0.0)"
Tenório,"Tenório, Região Geográfica Imediata de Campina Grande, Região Geográfica Intermediária de Campina Grande, Paraíba, Região Nordeste, Brasil","(-6.9408374, -36.6277956, 0.0)"
Triúnfo,"Triunfo, Região Geográfica Imediata de Charqueadas - Triunfo - São Jerônimo, Região Metropolitana de Porto Alegre, Região Geográfica Intermediária de Porto Alegre, Rio Grande do Sul, Região Sul, 95840-000, Brasil","(-29.9407972, -51.7191859, 0.0)"
Uiraúna,"Uiraúna, Região Geográfica Imediata de Sousa, Região Metropolitana de Cajazeiras, Região Geográfica Intermediária de Sousa-Cajazeiras, Paraíba, Região Nordeste, Brasil","(-6.521424, -38.4120654, 0.0)"
Umbuzeiro,"Umbuzeiro, Região Geográfica Imediata de Campina Grande, Região Metropolitana de Campina Grande, Região Geográfica Intermediária de Campina Grande, Paraíba, Região Nordeste, Brasil","(-7.696494, -35.6666231, 0.0)"
Várzea,"Várzea, Região Geográfica Imediata de Patos, Região Metropolitana de Patos, Região Geográfica Intermediária de Patos, Paraíba, Região Nordeste, Brasil","(-6.7710581, -36.9912098, 0.0)"
Vieirópolis,"Vieirópolis, Região Geográfica Imediata de Sousa, Região Metropolitana de Sousa, Região Geográfica Intermediária de Sousa-Cajazeiras, Paraíba, Região Nordeste, 58822000, Brasil","(-6.5433639, -38.277819, 0.0)"
Vista Serrana,"Vista Serrana, Região Geográfica Imediata de Patos, Região Metropolitana de Patos, Região Geográfica Intermediária de Patos, Paraíba, Região Nordeste, Brasil","(-6.7391662, -37.5685755, 0.0)"
Zabelê,"Zabelê, Região Geográfica Imediata de Monteiro, Região Geográfica Intermediária de Campina Grande, Paraíba, Região Nordeste, Brasil","(-8.075514, -37.0985126, 0.0)"
